word,E
vivid,1.9505923507675609
cacao,2.485092964300252
fluff,1.8435528481965089
madam,2.256772217175113
motto,2.514369101823135
mummy,2.065734480830167
